<?xml version="1.0" encoding="UTF-8"?>
<!DOCTYPE mapper
 PUBLIC "-//mybatis.org//DTD Mapper 3.0//EN"
 "http://mybatis.org/dtd/mybatis-3-mapper.dtd">
<mapper namespace="com.ict.service.mapper">
	<!-- <insert id ="cardInsert" parameterType="vo" >
		insert into card(consumerid, amount) values(#{consumerid}, #{amount})
	</insert>
	
	<insert id ="ticketInsert" parameterType="vo" >
		insert into ticket(consumerid, countnum) values(#{consumerid}, #{countnum})
	</insert> -->
	
	
	<!-- get all Item info  -->
	<select id="get_item_list" resultType="ivo">
		select * from sf_item where item_category = #{item_category} order by idx desc
	</select>
	
	<select id = "item_sub_detail" parameterType="String" resultType="ivo">
		select * from sf_item where idx = #{idx}
	</select>
	
	<insert id="insert_item"  parameterType="ivo">
		insert into sf_item values(sf_item_seq.nextval, #{item_category}, #{item_name}, #{item_spec},#{item_price}, #{item_cal}, #{item_content}, #{item_aller} , #{file_name} )
	</insert>
	
	<!-- login  -->
	<select id="login" parameterType="mvo" resultType="mvo">
		select * from sf_member where id = #{id} and pwd = #{pwd}
	</select>
	
	<!-- get event information for all  -->
	<select id="get_event_list" resultType="evo">
		select * from sf_event
	</select>
	
	<!-- get event information for one   -->
	<select id="get_sub_event" parameterType="String" resultType="evo">
		select * from sf_event where idx=#{idx}
	</select>
	
	<insert id="insert_event"  parameterType="evo">
		insert into sf_event values(sf_event_seq.nextval, #{title},#{content}, #{sm_img}, #{lg_img},#{s_date}, #{e_date})
	</insert>
	
	
	<!-- cart  -->
	<select id = "get_cart_list" parameterType="String" resultType="cvo">
		select * from sf_cart where cust_id = #{cust_id}
	</select>
	
	<!-- cart에 들어있는 아이템의 갯수 수정  -->
	<update id="cart_edit" parameterType="cvo">
		update sf_cart set item_amount=#{item_amount} where cust_id=#{cust_id} and item_id=#{item_id}
	</update>
	
	<select id= "get_cart_item" parameterType="Map" resultType="cvo">
		select * from sf_cart where cust_id = #{cust_id} and item_id = #{item_id}
	</select>
	
		<!-- 카트에 제품 넣기  -->
	<insert id="cart_insert" parameterType="cvo">
		insert into sf_cart values(cart_seq.nextval,#{cust_id},#{item_id},#{item_name},#{item_price},1)
	</insert>
	
	<!--item_id와 cust_id이 일치하는 레코드 갯수 증가-->
	<update id="cart_update" parameterType="cvo">
		update sf_cart set item_amount=item_amount+1 where item_id=#{item_id} and cust_id=#{cust_id} 
	</update>
	
	<!-- cart 아이템 삭제  -->
	<delete id = "cart_delete" parameterType="cvo">
		delete from sf_cart where cust_id=#{cust_id} and item_id=#{item_id}
	</delete>
	
	<!-- member join -->
	<insert id="member_insert" parameterType="mvo">
		insert into sf_member values(#{id}, #{name}, #{pwd}, #{addr})
	</insert>
	
	<!-- order insert  -->
	<insert id="order_insert" parameterType="Map">
		insert into sf_order values(sf_order_seq.nextval, #{cust_id}, sysdate, 1, #{total_price})
	</insert>
	
	<!-- order detail insert  -->
	 <insert id="order_detail_insert" parameterType="odvo">
		insert into sf_order_detail values(sf_order_detail_seq.nextval, #{order_id}, #{item_name}, #{item_price}, #{item_quantity})
	</insert> 
	
	<!--  order id get-->
		<select id="order_id_get" parameterType="Map" resultType="String">
		select order_id from sf_order where cust_id=#{cust_id} and total_price=#{total_price} and order_status = 1
	</select> 
	
	<!-- customer order list  -->
	<select id="cust_order_list" parameterType="String" resultType="ovo">
		select * from sf_order where cust_id=#{cust_id}
	</select>
	
	<!-- customer order detail -->
	<select id="cust_order_detail" parameterType="String" resultType="odvo">
		select * from sf_order_detail where order_id=#{order_id}
	</select>
	
	<!-- all order list for admin -->
	<select id="admin_order_list" resultType="ovo">
		select * from sf_order
	</select>
	
	<!--  update admin order status-->
	<update id="update_admin_order_status" parameterType="Map">
		update sf_order set order_status=#{order_status} where order_id=#{order_id}
	</update>
</mapper>








