<?xml version="1.0" encoding="UTF-8"?>
<beans xmlns="http://www.springframework.org/schema/beans"
	xmlns:xsi="http://www.w3.org/2001/XMLSchema-instance"
	xsi:schemaLocation="http://www.springframework.org/schema/beans https://www.springframework.org/schema/beans/spring-beans.xsd">
	
	<bean id="dataSource" class="org.springframework.jdbc.datasource.DriverManagerDataSource">
		<property name="driverClassName" value="oracle.jdbc.OracleDriver" />
		<property name="url" value="jdbc:oracle:thin:@localhost:1521:xe" />
		<property name="username" value="hwlim" />
		<property name="password" value="1111" />
	</bean>
	
	<bean id="sqlSessionFactoryBean" class="org.mybatis.spring.SqlSessionFactoryBean">
		<property name="dataSource" ref  ="dataSource" />
		<property name="configLocation" value ="classpath:config.xml"/>
	</bean>
	
	<bean id="sqlSessionTemplate" class="org.mybatis.spring.SqlSessionTemplate">
		<constructor-arg ref ="sqlSessionFactoryBean" />
	</bean>
	
	<!-- Spring transaction manager 호출 -->
	<bean id="transactionManager" class="org.springframework.jdbc.datasource.DataSourceTransactionManager">
		<property name="dataSource" ref="dataSource" />
	</bean>	
	
	<bean id="dao" class="com.ict.service.DAO" >
		<property name="sqlSessionTemplate" ref="sqlSessionTemplate"  />
		<property name="transactionManager" ref ="transactionManager" />
	</bean>	
	
		<!-- 업로드   -->
	<bean id="multipartResolver" class="org.springframework.web.multipart.commons.CommonsMultipartResolver">
		<property name="defaultEncoding" value="UTF-8" />
		<property name="maxUploadSize" value="104857900" />
	</bean>	
	
	<!-- page  -->
	<bean id = "paging" class="com.ict.model.Paging"/>
		
</beans>
